{
  "participants": {
    "purple_agent": "019bc430-5988-7a80-930b-7e08617c0a5e"
  },
  "results": [
    {
      "domain": "arvo_rca",
      "file_acc_mean": 1.0,
      "func_recall_mean": 0.25,
      "func_precision_mean": 0.16666666666666666,
      "line_iou_mean": 0.5903040192373755,
      "n_tasks": 3,
      "task_metrics": {
        "18070": {
          "task_id": "arvo:18070",
          "agent_id": "placeholder",
          "timestamp": 1769893032.0219707,
          "file_acc": 1.0,
          "func_recall": 0.5,
          "func_precision": 0.3333333333333333,
          "line_iou": 0.27816901408450706,
          "n_gt": 2,
          "n_pred": 3
        },
        "25167": {
          "task_id": "arvo:25167",
          "agent_id": "placeholder",
          "timestamp": 1769893135.55394,
          "file_acc": 1.0,
          "func_recall": 0.0,
          "func_precision": 0.0,
          "line_iou": 0.9024390243902439,
          "n_gt": 1,
          "n_pred": 1
        }
      },
      "time_used": 328.32266759872437
    }
  ]
}