{
  "participants": {
    "purple_agent": "019bc430-5988-7a80-930b-7e08617c0a5e"
  },
  "results": [
    {
      "domain": "arvo_rca",
      "file_acc_mean": 1.0,
      "func_recall_mean": 0.75,
      "func_precision_mean": 0.3333333333333333,
      "line_iou_mean": 0.42970521541950113,
      "n_tasks": 3,
      "task_metrics": {
        "11253": {
          "task_id": "arvo:11253",
          "agent_id": "placeholder",
          "timestamp": 1769755618.3597634,
          "file_acc": 1.0,
          "func_recall": 1.0,
          "func_precision": 0.3333333333333333,
          "line_iou": 0.7619047619047619,
          "n_gt": 1,
          "n_pred": 3
        },
        "23044": {
          "task_id": "arvo:23044",
          "agent_id": "placeholder",
          "timestamp": 1769755735.0153806,
          "file_acc": 1.0,
          "func_recall": 0.5,
          "func_precision": 0.3333333333333333,
          "line_iou": 0.09750566893424037,
          "n_gt": 2,
          "n_pred": 3
        }
      },
      "time_used": 305.1694815158844
    }
  ]
}