{
  "participants": {
    "purple_agent": "019bc430-5988-7a80-930b-7e08617c0a5e"
  },
  "results": [
    {
      "domain": "arvo_rca",
      "file_acc_mean": 0.5,
      "func_recall_mean": 0.25,
      "func_precision_mean": 0.16666666666666666,
      "line_iou_mean": 0.06707317073170732,
      "n_tasks": 2,
      "task_metrics": {
        "28777": {
          "task_id": "arvo:28777",
          "agent_id": "placeholder",
          "timestamp": 1768548544.7034411,
          "file_acc": 0.0,
          "func_recall": 0.0,
          "func_precision": 0.0,
          "line_iou": 0.0,
          "n_gt": 1,
          "n_pred": 3
        },
        "51603": {
          "task_id": "arvo:51603",
          "agent_id": "placeholder",
          "timestamp": 1768548636.0634744,
          "file_acc": 1.0,
          "func_recall": 0.5,
          "func_precision": 0.3333333333333333,
          "line_iou": 0.13414634146341464,
          "n_gt": 2,
          "n_pred": 3
        }
      },
      "time_used": 269.99706959724426
    }
  ]
}